{"Loss": 0.12756839767098427, "_runtime": 144, "_timestamp": 1633083362, "_step": 399, "Val Loss": 0.13090217113494873, "Acc": 28.549999999999997, "Val ACC": 0.0, "_wandb": {"runtime": 142}}